brand,name,wish
Adidas,(W) ????? ???????? ??? ????? ???,6.3??
New Balance,??????? x ???? 574 ??? ??? ?????,"4,650"
Asics,???? ?????? ?? ???? 14 ?????? ????? ????,"3,950"
Adidas,????? ???? ?? ???? ??? ?????,"3,147"
Asics,???? ?????? ?? ???? 14 ???? ??,"2,161"
Adidas,(W) ????? ???? ???? ????? ???? ????,"1,724"
Nike,(GS) ????? ??? ???? ???? ???? ?????? ????,72
Asics,???? ?????? ?? ???? 14 ???? ???,"1,442"
Nike,????? x ????? ?? SB ??? ???? ??????? ??? ??????? ???? ????,"1,283"
Asics,???? x ?????? ?? ???? 14 ???? ?? ????,785
Jordan,(W) ???? 1 ???? UNC ???????? ????,"4,649"
Nike,????? ????? ??????? ???? ??????? ???,"1,211"
Hermes,??????? ????? ???????? ??? ?????? & ????,208
Converse,?????? ? ????? ???? ???? ????? ???? ????? ????,798
Nike,????? ???r?? 1 EP ???? ???? ????,59
Salomon,????? x MM6 ???? ?????????? ????? ??? ???? ??,291
Nike,(PS) ????? ???? ?????? 2 ???? ????,26
Jordan,(PS) ???? 1 ????? ???? OG ????? 2022,963
New Balance,??????? x ????? 574 ??????? ????? ?????,"1,440"
Jordan,(GS) ???? 1 ??? SE ???? ??? ????? ????? ?????,"8,531"
MARDI MERCREDI LES POMPES,?????? ??????? ?????? ??? ??? ???? ???????? ???????,281
Nike,(W) ????? ???? R4 ???? 2024,"1,191"
Onitsuka Tiger,??????? ???? ????? ???? ????,408
Hermes,(W) ??????? ?????? ???? ???? ?????,990
Nike,????? GTS 97 ????,171
New Balance,??????? x ????? 574 ??????? ??? ?????,"4,130"
Adidas,????? ???? ??????? ???,826
Adidas,????? ???? 450 ?????? ????,877
Asics,???? ?? NYC ???????? ?????,106
Vans,??? ????? 36 ???? SF ??? ????,562
Nike,????? ???? ??? ?????? ??????? ???? ????,299
Jordan,???? 1 x ??? ???? OG,"6,330"
Hai,???? x ??? ???? ??? ???? ????,19
Asics,???? ?????? ?? ???? 14 ??????? ????? ????? ?????,"1,458"
Birkenstock,?????? ?????? ?????? ???? ???? - ?????,50
Keen,? ??? ????? H2 ???? ??? ??? ??r?,23
Golden Goose,(???) ????? ?????? ???? ????? ???? ????? ????? ??????? ????????,112
Adidas,(W) ????? ?????? ???? ???? ??? ????,"2,159"
Salomon,????? XT-6 FT ????? ??,"2,989"
Nike,(GS/PS) ????? ???? ????? ???? ???? ?????,702
Toga,?? ??? ??? AJ773 ?????? ????,17
Converse,?????? ? 70 ???? ????? ???? ?? ?????,678
MARDI MERCREDI LES POMPES,?????? ??????? ?????? ??? ??????? ???????? ????,120
Nike,????? ???????? ???? '77 ????? ????,"1,670"
